idx,file
0,F001_T1_2561.jpg
1,F001_T7_0657.jpg
2,F001_T7_0789.jpg
3,F002_T3_0148.jpg
4,F002_T4_1777.jpg
5,F002_T6_0494.jpg
6,F003_T2_1169.jpg
7,F003_T2_1420.jpg
8,F003_T4_0981.jpg
9,F003_T7_0252.jpg
10,F004_T3_0145.jpg
11,F004_T8_0252.jpg
12,F004_T8_0358.jpg
13,F005_T4_0789.jpg
14,F005_T6_0460.jpg
15,F005_T8_0390.jpg
16,F006_T5_0902.jpg
17,F007_T1_0893.jpg
18,F007_T1_0981.jpg
19,F007_T2_0188.jpg
20,F007_T5_0148.jpg
21,F007_T8_0148.jpg
22,F008_T7_1313.jpg
23,F010_T3_0214.jpg
24,F010_T6_0148.jpg
25,F010_T8_0143.jpg
26,F011_T4_0494.jpg
27,F012_T5_0460.jpg
28,F013_T3_0148.jpg
29,F014_T6_0798.jpg
30,F014_T6_0889.jpg
31,F015_T1_0893.jpg
32,F015_T3_0123.jpg
33,F015_T3_0214.jpg
34,F015_T5_0068.jpg
35,F015_T7_1131.jpg
36,F015_T8_0009.jpg
37,F016_T2_0663.jpg
38,F016_T3_0068.jpg
39,F017_T3_0009.jpg
40,F017_T3_0449.jpg
41,F019_T3_0123.jpg
42,F020_T2_1169.jpg
43,F020_T3_0012.jpg
44,F021_T1_0214.jpg
45,F022_T4_0674.jpg
46,F022_T8_0148.jpg
47,F023_T5_0390.jpg
48,M001_T3_0068.jpg
49,M001_T5_0715.jpg
50,M002_T5_0889.jpg
51,M002_T6_0889.jpg
52,M003_T2_1482.jpg
53,M003_T3_0100.jpg
54,M004_T1_0449.jpg
55,M004_T4_1307.jpg
56,M004_T8_0100.jpg
57,M005_T3_0123.jpg
58,M005_T3_0143.jpg
59,M005_T5_0256.jpg
60,M005_T8_0009.jpg
61,M006_T1_1076.jpg
62,M006_T2_1420.jpg
63,M006_T6_0798.jpg
64,M006_T7_0752.jpg
65,M007_T3_0012.jpg
66,M007_T6_1352.jpg
67,M007_T6_1420.jpg
68,M008_T1_0358.jpg
69,M008_T5_1169.jpg
70,M008_T6_0252.jpg
71,M009_T3_0111.jpg
72,M009_T4_0449.jpg
73,M009_T8_0050.jpg
74,M009_T8_0067.jpg
75,M010_T6_0893.jpg
76,M011_T8_0111.jpg
77,M011_T8_0148.jpg
78,M011_T8_0253.jpg
79,M012_T1_1179.jpg
80,M012_T3_0253.jpg
81,M012_T7_0145.jpg
82,M013_T4_0648.jpg
83,M013_T7_0009.jpg
84,M013_T8_0068.jpg
85,M014_T1_0789.jpg
86,M014_T7_0715.jpg
87,M014_T8_0188.jpg
88,M015_T3_0273.jpg
89,M015_T8_0148.jpg
90,M016_T5_1179.jpg
91,M017_T3_0273.jpg
92,M017_T6_1169.jpg
93,M017_T7_1247.jpg
94,M017_T8_0259.jpg
95,M018_T5_0449.jpg
96,M018_T8_0123.jpg
97,M018_T8_0166.jpg